{
    "type": 4,
    "checkpoints": [
        {
            "aX": -1211.5546875,
            "name": "1",
            "cZ": 65.583023071289,
            "aY": -787.32684326172,
            "aZ": 65.681182861328,
            "type": 4,
            "radius": 5,
            "cX": -1218.4791259766,
            "cY": -780.11273193359
        },
        {
            "aX": -896.69378662109,
            "radius": 5,
            "cZ": 100.5502243042,
            "aY": -1109.9523925781,
            "aZ": 100.61363220215,
            "type": 4,
            "cY": -1117.0933837891,
            "cX": -889.69366455078,
            "name": "2"
        }
    ],
    "name": "rustler_tunnel_sf_ls"
}